{
    "epoch": 2.0,
    "eval_loss": 0.5046864151954651,
    "eval_runtime": 99.8972,
    "eval_samples_per_second": 10.02,
    "eval_steps_per_second": 10.02,
    "total_flos": 8.008945696033997e+16,
    "train_loss": 0.5785676834245795,
    "train_runtime": 1863.9847,
    "train_samples_per_second": 3.754,
    "train_steps_per_second": 0.47
}